Name,Address,Networks
Create3Factory,0xd7a96c80ef97eda106aad53802b07b86beefaa71,2
UniswapV3Factory,0x1f98431c8ad98523631ae4a59f267346ea31f984,2
OwnableEnsProxyFactory,0xe254c5cd48206f07009ed1c7837565707b317f15,2
VestingModuleFactory,0x0a2841630f198745a55c4dab3fe98f77271949e5,2
RenaswapV1Factory,0x05a7e5f18113196795676538bf22db601890c07a,2
Create2Deployer,0x13b0d85ccb8bf860b6b79af3029fca081ae9bef2,3
Create,0xec1518da2ec7c3c7bb55ed031f89d4c14c6deeb3,2
RocketNodeDistributorFactory,0xe228017f77b3e0785e794e4c0a8a6b935bb4037c,2
RocketMinipoolFactory,0x54705f80d7c51fcffd9c659ce3f3c9a7dccf5788,2
OverlayV1NoReserveUniswapV3Factory,0x40a9c6e8d60be1ce297bef6a9ac3337d45193d87,2
DeterministicFactory,0xbb681d77506df5ca21d2214ab3923b4c056aa3e2,2
KeepFactory,0x00000000001cd071bd24a7561e642b3e121c9761,2
Indelible,0xcce158dd5384b599fc29fe34d83b11ea8fb7a816,2
HolographGenesis,0x0c8af56f7650a6e3685188d212044338c21d3f73,2
Diamantaire,0xb812f503607ee2259e9607cb5e5836b550ac6492,2
ChugSplashBootLoader,0xe91962d780d85924fe40ec87a3135716a204f18f,2
DCAFactory,0xac4a40a995f236e081424d966f1dfe014fe0e98a,2
EPSRegister,0x032ccb98a0fadb150525631c587c1216d2535136,2
WhopPaymentGatewayManager,0xfcc00e160615f9a609465e557d23a2c139472732,2
ProxyERC721Factory,0xef3964081b0ad90a98ae6627d181a52dc1608d0b,2
ERC721SeaDropCloneFactory,0x00000000b8f8f18b708c8f7aa10f9ee7ea88049a,2
ERC1155StakingPoolFactory,0xc1abdee65b137527e56b55dfb0f46a910f70d932,2
ERC721StakingPoolFactory,0x90c335da5778c9cb917a3cf62ee0c0138699745f,2
ERC20StakingPoolFactory,0x45d28cd682ed9df342262512df3ffef793be9600,2
NativeStakingPoolFactory,0x87e2677be1fc415feef76f54ed2f77960b8cd798,2
PepeCrowd,0x694b56f4ffaa46b4558582a359d04a19d4932a73,2
CreateCall,0x7cbb62eaa69f79e6873cd1ecb2392971036cfaa4,2
GnosisSafeProxyFactory,0xa6b71e26c5e0845f74c812102ca7114b6a896ab2,2
Fractionalizer,0x8279be8f740dbedb05c0ce165447e8bc1457a137,2
ContractDeployer,0xea5837e1f89e3cf23027da7866e6492458383b59,2
Create2Factory,0xc97d8e6f57b0d64971453ddc6eb8483fec9d163a,2
ERC721SeaDropCloneFactory,0x0000000042dbfe4eca8f719a3693b363adb44a02,2
DiagonalRegistryProxy,0x87511ad7eae71c919502247f1a2dd7031b8059f4,2
DiagonalDeployer,0x8f559c55172b945a9cbcd5f3a8b58ac98f1bedd4,2
CurveFactoryV2,0x72e2c186cec99a8743e0c0fd2298cc70f116dd8d,2
ERC721SeaDropCloneFactory,0x000000008924d42d98026c656545c3c1fb3ad31c,2
ProxyFactory,0xd9cb76bcae7219fb3cb1936401804d7c9f921bcd,2
ModuleProxyFactory,0x00000000000dc7f163742eb4abef650037b1f588,2
Create2Deployer,0xceedace70f46091986ca09ac834362b74bc211f4,2
Indelible,0xa02b6a337f8728f00e1d55734fd44f516090ca71,2
PercentSplitETH,0xd5c2bd6777250188b34d77c82e46838b602b06a3,2
CrossChainDeployer,0x9f3c778a328c90112b1eef764967ed7e401b23ca,2
DVinSummoner,0x7d150001afe5ed2aac9023b7fc62ad1ff9292074,2
PancakeFactory,0xd93801d7d3a368d94a3a32e97a20f7ac1948a5db,2
PlaygroundRegistry,0xba6c098e61b77f80098bde6df6f01a3f9a9fe6a5,2
BondFixedExpiryTeller,0x007fe70dc9797c4198528ae43d8195fff82bdc95,2
GPv2Settlement,0x9008d19f58aabd9ed0d60971565aa8510560ab41,2
Factory,0x73025f64a80f5df7f86b80c597bc96ddfadae072,2
TRESSwapFactory,0x217be88cbec6d0c4f95d8c34433f8ce9950433b1,2
AuctionFractionalizer,0x5ef37b60c374634ff917baafecb515bf1482cac3,2
SplitMain,0x2ed6c4b5da6378c7897ac67ba9e43102feb694ee,2
EIP2981MultiReceiverRoyaltyOverrideCloneable,0xa9376f59aff8a8a7673688a588724e1b05136198,2
EIP2981RoyaltyOverrideFactory,0x734513f61a65b3745fc7bb574adfe18379355a1c,2
Factory,0x99ba4b0aa5dd3fa399ce04aca79459ace1c0460c,2
ClerkFab,0x189f778d2b89ae29c2815df73c24e7eddc344fa3,2
PoolValueNAVFeedFab,0x0145a3d049da5a05930ab6b2f60380508c15bfe8,2
ModuleProxyFactory,0x00000000062c52e29e8029dc2413172f6d619d85,2
PaymentRegistry,0xb6900522dc23f3cdaea61bf0ca17a672b8dbe312,2
ZaydaNFT,0x04800f58592053ee5255fe75d39d810f6ce8e4f7,2
UniversalDeployer2,0x8a5bc19e22d6ad55a2c763b93a75d09f321fe764,2
Indelible,0x9251dec8df720c2adf3b6f46d968107cbbadf4d4,2
BentoBoxV1,0xf5bce5077908a1b7370b9ae04adc565ebd643966,2
FerrumDeployer,0x17ea1c55e2e16b57a34932d5b96a749cd20a6104,2
FlashFTokenFactory,0x05736a8d6bc208b9e3c9a7e20e7f53674aea6ab1,2
BondFactory,0x1533eb8c6cc510863b496d182596ab0e9e77a00c,2
BackedFactory,0x6a09b5768b02bacf8f5e5e11aaa34529117670e3,2
DAOFactory,0x7b728fd84995fac43a500ae144a1e121916e5c07,2
CREATE3Factory,0xe21f6b2a09bb27149e1afec31d05675bcf581fed,2
Parrot,0x69c4f9a2ac8a1f5ea953090d18f928bafc23a1c0,2
Vyper_contract,0xb93427b83573c8f27a08a909045c3e809610411a,2
WalletFactory,0x89512195ccee89b63300a6e5df4eae39589d002e,2
CREATE3Factory,0xe61e86735c044d76086310b2f3a6b917b984d5eb,2
URIFetcher,0x72aa21a1b5a4719bf4c6ebb2fbad2db761d59a60,2
ComposableStablePoolFactory,0x85a80afee867adf27b50bdb7b76da70f1e853062,2
BaalSummoner,0xf020a55794db5e065692f86a0eb82197850a09b9,2
ConduitController,0x00000000f9490004c11cef243f5400493c00ad63,2
CloneFactory,0x495c4abaf7c97e258ca51aa0f6655281ed6beb90,2
TWFactory,0x5dbc7b840baa9dabcbe9d2492e45d7244b54a2a0,2
CloneFactory,0xdb0a415d7e829bf07be151c0c7a65f8e26baa26b,2
CloneFactory,0x44a0574254da49c42f096a92e378239eab07ef79,2
CloneFactory,0x9192249b95d0d3dacb3a0b0cd93560f4209c7493,2
CloneFactory,0x4376cfb6d9fe9b94a2e9fd0c417f7d50f2a29245,2
CloneFactory,0xbe38cdeb8a95e78b3209c80c9c251d47e5ac8756,2
CloneFactory,0xb71eeba9df6366ac4c378c5c80cef7d771d94102,2
CloneFactory,0xd943c99682d5158f1cd1b563c1d764dff1aea187,2
CloneFactory,0xc5f0fb0ed8335f9f87eefac9cdef8d28a3f6d03e,2
Indelible,0xe5a5520b798c5f67ca1b0657b932656df02595ad,2
FranchiserFactory,0xf754a7e347f81cfdc70af9fbcce9df3d826360fa,2
DssSpell,0x6682133ccfbc8f87da51904d95241d243f7260bf,2
AccountFactory,0xe925f84ca9dd5b3844fc424861d7bdf9485761b6,2
RouterFactory,0x73a37b3eb030cc3f9739ca5c16b7e6802f294122,2
VestingTokenFactory,0x1b76214468f2fba75d82eb3787e0768a85f993c3,2
MintGenerator,0x078e768a00ddfe456820dfef46ad0e54204e1c67,2
WeightedPoolFactory,0x8e9aa87e45e92bad84d5f8dd1bff34fb92637de9,2
Vault,0xba12222222228d8ba445958a75a0704d566bf2c8,2
CloneFactory,0x4cf353974155a600f87d73222f9df0548e2b740e,2
Milkman,0x9d3164a9428a85f719e7f509ea47ca5d60b55e5c,2
AzurSwapV2Factory,0x26ba4ce017bcd67e2ca9135bd58d3fc9050fc58f,2
PRBProxyFactory,0xe7580b599e7252c4a93ef36f22f780c62bbe6bdf,2
ModuleProxyFactory,0x000000000000addb49795b0f9ba5bc298cdda236,2
DeterministicFactory,0xd420ea5a1981db5f1914954ce6e012a3bb10c015,3
KaliFactory,0xd353fb1c33202441373524d3cc5d94cd74113e25,2
Deployer,0x501ace4732e4a80cc1bc5cd081bee7f88ff694ef,2
WeightedPool2TokensFactory,0xa5bf2ddf098bb0ef6d120c98217dd6b141c74ee0,2
CollectionFactory,0x62cf87b0e441e6e3a1634304aba6332f3fd6464f,2
DssSpell,0x04d0e226675cfc2450d523c961c1f1875f20bf47,2
AltaCreate2Deployer,0x381d7f421c72579c7db349a3d6a8a7bf0ddacdd5,2
ImmutableCreate2Factory,0x0000000000ffe8b47b3e2130213b802212439497,2
ProxyInitializer,0xa7c2718c17b3526beac901f9e543d33ce1b457e4,2
ConduitController,0x39378b53cfb73e225ffca793cb1a0982947cef4e,2
Deployer,0xabe00dae9b74cfabfef306e59d14914749e647a1,2
LoopbackProxy,0x5efda50f22d34f262c29268506c5fa42cb56a1ce,2
PWNDeployer,0x706c9f2dd328e2c01483ecf705d2d9708f4ab727,2
UniswapV2Factory,0x5c69bee701ef814a2b6a3edd4b1652cb9cc5aa6f,2
SingletonFactory,0xce0042b868300000d44a59004da54a005ffdcf9f,3
CREATE3Factory,0x9fbb3df7c40da2e5a0de984ffe2ccb7c47cd0abf,2
ProxyFactory,0x76e2cfc1f5fa8f6a5b3fc4c8f4788f0116861f9b,2
PancakeFactory,0x1097053fd2ea711dad45caccc45eff7548fcb362,2
ERC1967Proxy,0x13385924683d2a2d0ff5d54e3524ebe2d1de79c3,2
NanoUniversalDeployer,0x1b926fbb24a9f78dcdd3272f2d86f5d0660e59c0,2
,0x4e59b44847b379578588920ca78fbf26c0b4956c,3
,0x2222229fb3318a6375fa78fd299a9a42ac6a8fbf,2
ImmutableCreate2Factory,0xcfa3a7637547094ff06246817a35b8333c315196,3
,0xf55ba32516599c25dab9e93be40b4fba95a46a0f,2
,0x88777bccb752b20245400049021cb47b8fbcf640,2
,0xbc74019770f07f790b28456a09736ab58ae80b2a,2
,0xb47555ea22fa6e9c171d2a8b91b67f7294379f59,2
,0x6ca86654265f76986ad535c6c44e7997b887fe16,2
,0xf4da12405c794379a6acd8ea4e350a0a8b8139cb,2
,0x2fd525b8b2e2a69d054dccb033a0e33e0b4ab370,2
,0x7a0d94f55792c434d74a40883c6ed8545e406d12,3
,0x54904975f5b2840a743cfccc638d9229977fbe57,2
,0xecdfb7e848a9ce0ae9c5dbeb5f9ed10a8a5e2635,2
,0x53022339b9e4a01feaebf692d7cc01490b1b44b0,2
,0x2b60bac49f72913504b041b72122987c122e8e8c,2
,0x914d7fec6aac8cd542e72bca78b30650d45643d7,3
,0x4b732850a68c024462973708ed5676d02e9fb763,2
,0xcfef5b1f581eb47bd710e7e53b1e429e9a391389,2
,0xa890653698cfc77ac568b202694b2776527afb4b,2
,0x968726b90addb0443a1bbc785ef086bccb0a5b5a,2
,0x2f1e6e772b74bc82d04aba879e99f0628f8eb103,2
GenericFactory,0xfac000a12da42b871c0aad5f25391aae62958db1,2
DiagonalDeployer,0x91b67c4c769745715093facb277895b0f25a4a27,2
,0xa407060ef6287015fdd4bdd85b1ceb4cf5f36dc8,2
Create2Deployer,0x4a27c059fd7e383854ea7de6be9c390a795f6ee3,2
,0x4af555bc1bece6d9c3456008a90e47d9888a04e0,2
,0xb7da8b273396b1848da3ce452452ccf80f30d732,2
,0xc2969d0d8718ba115b8f3e2e07d66365fc946aca,2
WrapprFactory,0xa945f46ca376b18fb34d809ef4f21f9b58ae4c50,2
,0x50465590a48297aba4fde915168fa5a3f59e5064,2
,0x34fad5537d8890a2bd0c33e5b9130a27ecce5b82,2
,0xb67e2024155625594fb585098165227a9d0ed7f5,2
,0x3a7c861df628bb0cbdc3e93bb76446e426ddef11,2
,0x99e8c1109ecc967cb48e28cb4633b7d06690b625,2
,0xe1256b727cf4a64a77d7ecd5c12e3f8ff9f54b8e,2
CreateCall,0xd8ba6cf1756343d3171b25301baa0719286f7155,2
SimpleAccountFactory,0x9406cc6185a346906296840746125a0e44976454,2
,0xea28ca2c342eed0b8affcb4a0f7dd15880113f14,2
,0x9db8a4713cb7067a5ff0bbd34e7dc6f5b9928d2b,2
Proxy,0x6e4f1e9ea315ebfd69d18c2db974eef6105fb803,2
,0xf0ddd4e7b3cfa33f6c2884e96c2d8139aa99a062,2
ContractCloneFactory,0x1b8a151e64bc07de0acf967a0cb17ee16c3c8e2d,2
,0x585b44e01364cb6048d02632e9b306de384b9d11,2
DeterministicProxyDeployer,0x9531fc456224d7749c1ee6845fc9d3285166e5d2,2
,0x90e5becf2d89bd191952b4da595112ac3d0c8cdf,2
,0x223827826fe82e8b445c3a5fee6c7a8a4f1dee9c,2