mainnet,0x0001a500a6b18995b03f44bb040a5ffc28e45cb0
mainnet,0x33a7dc24cb6814b330e8459cce00860c88787a78
mainnet,0x17b09b22823f00bb9b8ee2d4632e332cadc29458
mainnet,0x6dd76b44a2a45ee58ed07735c36bd59f6dcef134
mainnet,0x0409b14cac8065e4972839f9dafabb20cef72662
mainnet,0xc4ccc47fa5431218a9901e8848c15d3116eaedf9
mainnet,0x8684a5db990fc676c1e57dbcc199b3d18e2bd48e
mainnet,0x730a21fd99e057f119197d06746f694d89aa5f86
mainnet,0x004c00500000ad104d7dbd00e3ae0a5c00560c00
mainnet,0xc8abbe9bd2af3e1c5a3cb042be08ab57847e31b0
mainnet,0xb70f62853d7a56f58339a9e850bd7e91f3adfac8
mainnet,0xe75a60da4bad89b84d10a7ab8e28f9ed7ba22401
mainnet,0x007105d27bce31ccffa76fc191886e944606e34a
mainnet,0x00762285775b9e01981e0a24112b0761aa17fece
mainnet,0x007a0f3b057945db86408197daa7c04373b5a94a
mainnet,0x007a0f48a4e3d74ab4234adf9ea9eb32f87b4b14
mainnet,0x007a66a2a13415db3613c1a4dd1c942a285902d1
mainnet,0x007a66b9e719b3abb2f3917eb47d4231a17f5a0d
mainnet,0x007f7735baf391e207e3aa380bb53c4bd9a5fed6
mainnet,0x007f77b53ed0f058616335bc040cd326e125dae0
mainnet,0x007f7a1cb838a872515c8ebd16be4b14ef43a222
mainnet,0x007f7a58103a31109f848df1a14f7020e1f1b28a
mainnet,0x007f7a6012a5e03f6f388dd9f19fd1d754cfc128
mainnet,0x007fe70dc9797c4198528ae43d8195fff82bdc95
mainnet,0x007fe7c498a2cf30971ad8f2cbc36bd14ac51156
mainnet,0x007fea2a31644f20b0fe18f69643890b6f878aa6
mainnet,0x007fea32545a39ff558a1367bbbc1a22bc7abefd
mainnet,0x007fea7a23da99f3ce7ea34f976f32bf79a09c43
mainnet,0x6912343838aa28965e81c8e45fbf337f86136d84
mainnet,0xa395044827dfe9c3a34df00405871675b97a88b2
mainnet,0x2ad2e92ad47e90b8f25e163c68f892ebf23c9f23
mainnet,0x6337949cbc4825bbd09242c811770f6f6fee9ffc
mainnet,0x222bc81c6f3c17e9e9aba47a12f55a1dea42f163
mainnet,0x53dc4a2861cf5ff98f115030ae9ac1886083ae6e
mainnet,0x2b9b8b83c09e1d2bd3dace1c3db2fec8ff54a8ac
mainnet,0xfe0b0dcab7ac58bd5f5c1265ef477a136587addd
mainnet,0x5793df922cd7eb890a269607948952701279eefb
mainnet,0x01b246de80bc9dd3aece8baaf05c1db640e7d681
mainnet,0xefc391aba7600da1964b9ae330e3f901d1306188
mainnet,0xff083f57a556bfb3bbe46ea1b4fa154b2b1fbe88
mainnet,0x8710e1a2d187f7c7259699642d77ea7aad97be76
mainnet,0x273f5db72b72059c043cad022c446232f3d33085
mainnet,0x494b26d4aee801cb1fabf498ee24f0af20238743
mainnet,0x996486aeb4a61627a4695479dae1c85286513d51
mainnet,0xb99809af258b04451ff3e22652ad9c23cdf30f6c
mainnet,0xdc2592085079c157449f863739850b5ca155c6b5
mainnet,0x036fb05cf88f1d612190d3dbc2ac0769b6a47c60
mainnet,0x716d8d76baa029479df0f0604169950153b8f268
mainnet,0x03b20614af4079b04de65891a084f583193cee59
mainnet,0xc81cc547f4b9ff3b0c5acfe87b0631324805fcf7
mainnet,0xf00b70e4867db63d769ce768d8d29933b0ceacf1
mainnet,0x069228233a9a0736e4a8655e280ed7bda2bba3c1
mainnet,0xc0454b57c347b1072a412d7aaf9c7ab7ec018515
mainnet,0x4cd988afbad37289baaf53c13e98e2bd46aaea8c
mainnet,0x058a55925627980dbb6d6d39f8dad5de5be16764
mainnet,0x4594b2fbdd493f0eabe1f2064dc6a750747007b9
mainnet,0x851523a36690bf267bbfec389c823072d82921a9
mainnet,0xad23dee282f0ed38d7601e3b332ad1d77850ed78
mainnet,0xb1c9557d8f0844451f85548334a5eef32a6e6630
mainnet,0xe63975892b78346d3dbdaf994d6a7a37b2ad7570
mainnet,0xec60a5fef79a92c741cb74fdd6bfc340c0279b01
mainnet,0x9a1f53a3d0ea54a60918a9c79c8d8b5d955d65ed
mainnet,0x6e1be153e35f23a9c3b37991e29580e350084403
mainnet,0x085bf17d6c557254d0370514b97d16307b8f0775
mainnet,0x09a158f56bbf28de6f5fd07b7a4095bd6abc69e6
mainnet,0x448a5065aebb8e423f0896e6c5d525c040f59af3
mainnet,0x97971ce2d824e740b2ca8d4a16a4df2d6481aaea
mainnet,0x6a5ead5433a50472642cd268e584dafa5a394490
mainnet,0x0eda164ddf409b0dda9957e4e3c73e0b6f3b6224
mainnet,0x0fa35f880b0b80f937e4d605c0d2b3b000ef2ec7
mainnet,0x5498165194c1b40e5938404eba47ad8da15fe6ac
mainnet,0x0fe213bac9e8308fa05fc7d53926c6c597f97410
mainnet,0x1017b147b05942ead495e2ad6d606ef3c94b8fd0
mainnet,0x2e5d8b8f2cf5d169e324b04683f54b6726a206dc
mainnet,0x11167f7889ae34e2c6b15c9226d0b320c45d629d
mainnet,0x12ce820dd8224c2a5911bc7196ec7a46a09cf0a4
mainnet,0x13a46da5aba089ceb9325d12b6fad224042ab6e4
mainnet,0x4eebc19e5f29dec3dea07f66b9e707afc8f28c06
mainnet,0x780471a567f2001670b17a596e7dacf61645a447
mainnet,0x14639c7de58e8f2c714337cf242fa9d26d568665
mainnet,0x70bfad04c8625263704ebe356b6bc81020ea7afb
mainnet,0x161c4aa153e0190468bc1990213083ad64ee9604
mainnet,0x17aaa46e54ed95723a1fc303f8f5355e9082417f
mainnet,0x17e2c574cf092950ef89fb4939c97db2086e796f
mainnet,0x734e219b301d08e4fe839c3ef228c5f9639a7e37
mainnet,0x1ad006151f5f7af7527513898f89626342e2d3dd
mainnet,0x1bf78be42cd72bbfcceef67dcc0a0e2a0eb5da57
mainnet,0x76cde978b24917a2797352591df60e814d2b41b8
mainnet,0x1db542d3d1df0ea7746f4a3c32341cb47877c193
mainnet,0x1f5644bf77aea4fa46bafc865668b6a4b1b4cae9
mainnet,0x1f73d9af1b5583cbb5e41707a66bc5cd386f4545
mainnet,0x21227522fe4b785c51af1fba8b39c042335bd49c
mainnet,0x214349d2de510d8397a15936a29e0171623c0208
mainnet,0x431a319b8ea6c7852aa95d6a8c673ed7d899a09f
mainnet,0xd9e8a52f712b0273770581f33b766a76724408d3
mainnet,0x24e2aa3ec04972667ea69ef0bec3312cebe33985
mainnet,0x2770ad33f5798542de5de4bc8beae3fadb8de1e5
mainnet,0x728817dbe1582fbb8676466cc0e6f9684b220ff2
mainnet,0x2b246a379e5f48d391f33ea4910ac2258426e6ae
mainnet,0xe6bcc79f328eec93d4ec8f7ed35534d9ab549faa
mainnet,0x2cde6a1147b0ee61726b86d83fd548401b1162c7
mainnet,0x2d011adf89f0576c9b722c28269fcb5d50c2d179
mainnet,0x2f4eb100552ef93840d5adc30560e5513dfffacb
mainnet,0x51d0182ecb1e86ddf5c9cae72089d446bc2253b0
mainnet,0x320a2389f74ce18eba30e0d93a06a3c2a5bb6004
mainnet,0x30f9fa2a99abba8091e681299a739d5a4aae39c0
mainnet,0x3128c3f5e3a6c6834f5cc4daccdf72d79da4d2bc
mainnet,0xb5d0b4ba08a68819c8010cc44d343f737511c82e
mainnet,0x32296969ef14eb0c6d29669c550d4a0449130230
mainnet,0xec6432b90e7fd4d9f872cc5c781f05b617db861e
mainnet,0x32c4ed7b88cfb37cb96b9239d8f9307eb11e85bc
mainnet,0x32f0dc9e2d890bac95106a65eb82db70bc58badb
mainnet,0x331c97189a8b25c8acabf0af2382cdd8eae4d88a
mainnet,0x33d3071cfa7404a406edb5826a11620282021745
mainnet,0x347a96a5bd06d2e15199b032f46fb724d6c73047
mainnet,0x34c8edfa9008a2bb5c07d83479c2fb37891b9c73
mainnet,0x354548da34fee6ccc6a8d43715e5efc9d80c51be
mainnet,0x35e106dfb7fd6b0f7b879c1eed9c5dd5f9aaf920
mainnet,0x373b347bc87998b151a5e9b6bb6ca692b766648a
mainnet,0x7282a719d25f6ef361a510004f5231a6c7fe1915
mainnet,0x37bde7f133171a5b737506cc402471ce0e2b03ca
mainnet,0x395d8a1d9ad82b5abe558f8abbfe183b27138af4
mainnet,0xccf5575570fac94cec733a58ff91bb3d073085c7
mainnet,0x3b6282e75e0465eb5948edc5f0397f9e9688cf59
mainnet,0x3bd60d6df851bfd1281d304eae048c6b723f05ad
mainnet,0xeb486af868aeb3b6e53066abc9623b1041b42bc0
mainnet,0x5d38480ba739de9f90c3daccf4bae1bedde4b01a
mainnet,0x4162178b78d6985480a308b2190ee5517460406d
mainnet,0x420ef0d72e02742b5058a6498b7c9ee88b334786
mainnet,0x42cbcda4ecd633c2d8f88f5b2bfda11da8c508b6
mainnet,0x44e28f2acc84c36373badcd681749d38e01e2cc4
mainnet,0x454ed96955d04d2f5cdd05e0fd1c77975bfe5307
mainnet,0x46c659165c9f8438b764cc9f3884a6be780a2755
mainnet,0x4705d36d5ffb432ce0aa3859ffc7ab21e7edf34f
mainnet,0x4742305429d2a9795f84bf2cda29da421e7e80c0
mainnet,0xaaf816bbb256357d79bd14896aec267c3b0f2724
mainnet,0x48c71f27e217f16962c9a39ff43d815d74f417e1
mainnet,0x4956d05002bbe857a6b20eb17cbd66da40a5e971
mainnet,0xa8b103a10a94f4f2d7ed2fdcd5545e8075573307
mainnet,0x4a87875774799e2d3f15733bdab511092057d222
mainnet,0x4b2b6ee9271cca9f12b81f94a70dd41cbad50d01
mainnet,0x7c50a85bed0a9a61c946487b603bd266420dae18
mainnet,0x4c8d2e60863e8d7e1033eda2b3d84e92a6418020
mainnet,0x4f93df7bc0421c9401fd3099cce4afe7678b0c63
mainnet,0x51863ec92ba14ede7b17fb2b053145c90e215a57
mainnet,0x5438b0938fb88a979032f45b87d2d1aeffe5cc28
mainnet,0xf2c5369cffb8ea6284452b0326e326dbfdcb867c
mainnet,0x5537f945d8c3fcfdc1b8deceebd220fad26afda8
mainnet,0xe2469f47ab58cf9cf59f9822e3c5de4950a41c49
mainnet,0x5869a93cc2302ef2f4af9a7dfd37a5758bfa23e7
mainnet,0x798f6b91feea495a416675d0ee0041b6bdb7b6f4
mainnet,0x5a98fcbea516cf06857215779fd812ca3bef1b32
mainnet,0x5aee1e99fe86960377de9f88689616916d5dcabe
mainnet,0x5bc94f0d1b9d9580155b21b8703fd10b2c33225d
mainnet,0x5c457ea26f82df1fca1a8844804a7a89f56dd5e5
mainnet,0x5d818363b3f083d0262d5a213725636110e89f5d
mainnet,0x6127d546dcb5c246f69215e2158351b9c4aff84e
mainnet,0x62cd928b16b7a92101c3091f5136fd9bb017870a
mainnet,0x63c69d505a7d270357abb90bff8be768d1c7851a
mainnet,0x642ae78fafbb8032da552d619ad43f1d81e4dd7c
mainnet,0x64d63840cfbcb5a7320c4e104b116f6aa31ce08b
mainnet,0x682b75e6fc80ea337074cc2e0a8565101d5f476f
mainnet,0x68b539381b317a04190c3bd7ce95b9233275d02a
mainnet,0x6917d70f5622da6b4e88681892444ffdd552df5f
mainnet,0x696a89e6dfa39b1c8ecf9ad86e826205ed17a8d8
mainnet,0x715c777c6149c31a75d0d29633bbbe0a14370bdc
mainnet,0x737fa0372c8d001904ae6acaf0552d4015f9c947
mainnet,0xf178b9fde275e6ba985f0fd4f5390cd49cb1685c
mainnet,0x765373041e3af1b762c834fe93391320e178bb29
mainnet,0x76a9f30b45f4ebfd60ce8a1c6e963b1605f7cb6d
mainnet,0x76bce9974823fc718dc124cae964718387884127
mainnet,0x7777f41a060377b3640f8b5e3bb78e37bd487777
mainnet,0x777b7e2654e1d3d1dd9410c361ad7a038f2b4d9c
mainnet,0x89d24a6b4ccb1b6faa2625fe562bdd9a23260359
mainnet,0x7e16065f15ec926e355904a620d95190bd8341f7
mainnet,0x80f0c1c49891dcfdd40b6e0f960f84e6042bcb6f
mainnet,0x811b67c10c16b8baa16bb8b1eb2a35ed97f97052
mainnet,0xa06a7fc9099490b063e5309bd46bd3c773bbacc5
mainnet,0x82daf3b6fcd7d4b27cd9c6dbb6be93a7b38570ae
mainnet,0x8426d0dc03335d4a391bf4cf7fe546ff89549de4
mainnet,0x84623d8e494fe0322543f6b525aef3971d4b24fd
mainnet,0x85302fcc8e5ed7e6182f65e9801dcdfed89bc52f
mainnet,0x8bef82e549c29affcefdb73214ea436fcb98e9fa
mainnet,0x9a40221471ecbbf5a7ecb9659ba2c453551f2399
mainnet,0x8c1b04a1e727517079d2d6d4d1578f533eacb6ac
mainnet,0x8e91f893d2e6a2d4de7bdd4bbafa8e9e28d88e87
mainnet,0x8f6a1dca0a63d078587cf2bb3244dfdfca1fcd02
mainnet,0x9b0f70df76165442ca6092939132bbaea77f2d7a
mainnet,0x93effd08e3e5a4b1b40c26137e63876b2501ffa4
mainnet,0x9994e35db50125e0df82e4c2dde62496ce330999
mainnet,0x9b0ccf7c8994e19f39b2b4cf708e0a7df65fa8a3
mainnet,0xe10ce8b28e91bcdc7c642c4a5af8b7c117f02bfc
mainnet,0x9f8f72aa9304c8b593d555f12ef6589cc3a579a2
mainnet,0x9fc55aa77bf182954d350203fb1a093592cb23e3
mainnet,0x9fcaa52277a0641ea23911ef3c6e040d1f085730
mainnet,0xa2d900d5461f1c3bfd323b9d4f7fabea40286386
mainnet,0xa57a4e6170930ac547c147cdf26ae4682fa8262e
mainnet,0xa57f4b94e99db8ffca4206cc819bcdab7381935e
mainnet,0xa7fc5d2453e3f68af0cc1b78bcfee94a1b293650
mainnet,0xaa5c1d7d88daefae9acd8b8bc058b590b268f062
mainnet,0xaac98ee71d4f8a156b6abaa6844cdb7789d086ce
mainnet,0xed221bbe918ac857f603682471198087402b2fa2
mainnet,0xad981559fbe469a83c9c0ab19b4e8cfb6cbc8939
mainnet,0xadea80db702690a80cd123ba7ddcf6f541884e4f
mainnet,0xaf0da9c9c2a6801ce5b4db4db7c1e539dd45238b
mainnet,0xea577e0dd93569e8b6634b1f7c8ca0daf6eaf306
mainnet,0xafdb174bc70e5a77b775b4d77132be12f08fac0d
mainnet,0xb0d1132d97b2eb4a08b6d2f9379039610c3a0956
mainnet,0xb0f75e97a114a4eb4a425edc48990e6760726709
mainnet,0xb41f09a973a85c7f497c10b00a939de667b55a78
mainnet,0xb602c0bbfab973422b91c8dfc8302b7b47550fc0
mainnet,0xff088eca700e65289f832c2a8155bf99edee5dac
mainnet,0xbda109309f9fafa6dd6a9cb9f1df4085b27ee8ef
mainnet,0xbe4ee9566e5f5ccd4793af0aa34d7e5031c9e00c
mainnet,0xbf900809f4c73e5a3476eb183d8b06a27e61f8e5
mainnet,0xc18057f85f752f1ce181aead1f081d116333d02c
mainnet,0xc2a0da9cd06266fb1d599acee77daa5b5e0f901f
mainnet,0xc50ffae29e7aa6dad64440df76cb09a316010eac
mainnet,0xc56affde516b7f02bf08ede51a58378c783aac4c
mainnet,0xc5bbae50781be1669306b9e001eff57a2957b09d
mainnet,0xc6dad66305545ae3111ba7000289ab3426cf02a2
mainnet,0xc7d08d6b91385ae576de090fd2e39b28a46d9e94
mainnet,0xca734ad0b286ea7dd6367a504a48fb75cd12a97f
mainnet,0xce1055db80ab8e5d218bc4be427ce35a80622dcd
mainnet,0xd10386804959a121a8a487e49f45aa9f5a2eb2a0
mainnet,0xd24a0c1c6f646ba7152f0f028802c36ea964e387
mainnet,0xd38b1159c8aee064af2d869afa1c2c1632da8b97
mainnet,0xd485e5c28aa4985b23f6df13da03caa766dcd459
mainnet,0xe54b3f5c444a801e61becdca93e74cdc1c4c1f90
mainnet,0xd61eaa2d5d7f9a92060d596a49c03be162e760a8
mainnet,0xd62bddfe85b8bb7ee7e092ebbff07bac0bb07bf8
mainnet,0xeb8da764b480315b306e70e1e4a2af431acecbfd
mainnet,0xd87d00de49da936fc853363d428674dbee021844
mainnet,0xdf462a9d35e3785b0fb15549a047512b4fc71606
mainnet,0xd963210ec204f7b434261e91f8724da8a1fcb407
mainnet,0xda9c8bfcfaee33147ecc38137f9d0898d48aac6a
mainnet,0xe23d111cb71414830b93f078977b7f53a5e996ee
mainnet,0xe437ba40feb272c964338f217d0ba1d690884516
mainnet,0xe4f731eceae98a1c0556f7e934d8ed87b169bc49
mainnet,0xe7a52262c1934951207c5fc7a944a82d283c83e5
mainnet,0xe7b1d394f3b40abeaa0b64a545dbcf89da1ecb3f
mainnet,0xe875207679b876d31cb1c1bf8246217137cd8076
mainnet,0xe945bfb9cee4103b0026565eaa179d3bebb53c4d
mainnet,0xeb366c95d9212faf6b0cf5189865041ea16f1cc2
mainnet,0xefddadadf4dfbb8ac5c6b6f91427ef28e8bd93b1
mainnet,0xf3a605da753e9de545841de10ea8bffbd1da9c75
mainnet,0xf7f9ae2415f8cb89beebf9662a19f2393e7065e0
mainnet,0xfa99632fb9827b01e08a25b022eee4aa04a9ef76
mainnet,0xfab19cd03e0ad2097e399e331c369275db7e520f
mainnet,0xfe599129b3018ee3231334d02e0b869a19db3f8b
mainnet,0xfe67a4450907459c3e1fff623aa927dd4e28c67a
mainnet,0xfef9a527ac84836dc9939ad75eb8ce325bbe0e54
mainnet,0xffe90824aee2503b2890755624b8d8eeacef7f70
goerli,0x00000000002679091de1205c3938017357f3c99a
goerli,0x00000000009ea20d242b7438bc58e84a7c95c166
goerli,0x45f1a36e0446db027dffb44a84f94ebf36550495
goerli,0x007105d27bce31ccffa76fc191886e944606e34a
goerli,0x007a0f40c31d6b95663a09d79830904a366cac27
goerli,0x007d13a6b19d40ba7b00007a00b4f842000000cd
goerli,0x007f7a1cb838a872515c8ebd16be4b14ef43a222
goerli,0x007f7a8111d65b95cfe50a96fe01a42500f488cb
goerli,0x007fe70dc9797c4198528ae43d8195fff82bdc95
goerli,0x007fe7be3bb684eee3332592585d40a46f3c7179
goerli,0x007fea706617ce25212027da3db7ffd7507c18f9
goerli,0x007fea9f92bec477e6d86e751dd08800c897fd7e
goerli,0x00bff6e2f57cf1cba84730b458c7d260c8f54949
goerli,0x51735bdfbfe3fc13dea8dc6502e2e95898942961
goerli,0x5d563ca1e2daaae3402c36097b934630ab53702c
goerli,0x031333ca90ed8f39c2ba9412ccbc3a92226e3414
goerli,0x007a0f48a4e3d74ab4234adf9ea9eb32f87b4b14
goerli,0x007a6659f747c5aa1e8dce1d428e2e5c94314e42
goerli,0x007a66a2a13415db3613c1a4dd1c942a285902d1
goerli,0x007f7735baf391e207e3aa380bb53c4bd9a5fed6
goerli,0x007f7a61a14f1e2172fed2e5b2beb647c2c19b34
goerli,0x008699477a9c7741e2e7059dba9bbe143628d82f
goerli,0x008f0383c218778aa5e4bd902de4a95fcc2559bb
goerli,0xbd3c7f5a433e9643eb0dd73880c902bc21734b15
goerli,0x0595ce3f6cf1b3c049317aa8c5c9f7648ac99706
goerli,0x0595d1df64279ddb51f1bdc405fe2d0b4cc86681
goerli,0x06ca2c41a394902294f74f6ef511b5a0338a9686
goerli,0x1165b00b655e53589315ef30cad88b230f3cf462
goerli,0x13acd41c585d7ebb4a9460f7c8f50be60dc080cd
goerli,0x13da1c07b110b99312cc5baa5298e3ec24c163a5
goerli,0x007f77a4a4dcb852d3f15535977fa5ec23533608
goerli,0x007fea32545a39ff558a1367bbbc1a22bc7abefd
goerli,0xd8143b8e7a6e452e5e1bc42a3cef43590a230031
goerli,0xa3cbf2531b556e9aa3651d5cea4beb0931f7c3be
goerli,0x12ae3e5a0a13518bd6ae81024201c628ee572c3a
goerli,0x188d64235c6a5da8611b81fa710856c44a710ded
goerli,0x1a4ae54f61315f806e5b1e8fb06549db31536ba9
goerli,0x215ac774c4d96b49996eb91e63dab232ca207835
goerli,0xa5fee098346e2f13d9c5bede42c5af82a8d67789
goerli,0x4bfadb8a337a3821483591c749a710f2c897318a
goerli,0x856d8b8c3f7573f8437775d0392aa89e5ce65ae2
goerli,0x2aa3cfa6b4ff9de33a833fa1fc390a6804aebc2c
goerli,0x2b8b2385914e5f52d6538798a82063bca7ef8828
goerli,0x2ef26d97b5870600be341561298938c2e5df84f0
goerli,0x2f405ebf4c6da154db131f58eb9c45c47eebaea0
goerli,0x30ec12bcbd9cdf1706f15a7351e9964e7c93ca03
goerli,0x328a02643b1197411401e03f14413398c8001e70
goerli,0x34c67d81083b3eefb6a8eb56c5a406024920ed9a
goerli,0x373b347bc87998b151a5e9b6bb6ca692b766648a
goerli,0x3ecd9bd78d4c102835b904cbcffb73183ff1cf93
goerli,0x433e91f8108569c16d0ab756a04415c7912e5342
goerli,0x49ddd0c6a952807aa2bfe42c88ce905232d68c53
goerli,0x4a091c0d4a12f3e6af213bf261d651ce4e31d3f3
goerli,0x52119ea66458c4442bed03fe7ba816dbbdc2e7b4
goerli,0x553e5e20c3df6bb0561a01f5cc0b2587fa0e3e4a
goerli,0x578c3f48a7a1a9bd3fcc5b1427638e2bce3a481b
goerli,0x819addc32d6c018b759ad7c3b787c9cee432dda6
goerli,0x62ab6f669cde6beb1c592621c9a093623cb98a0a
goerli,0xcb91bbfb79b5e96484ab0a7eee11ab3f5c4a22fa
goerli,0x7742ba79ecd47292e437610b8e3c12a7291d3c76
goerli,0x7b02a4682119f37426f501b09a3388f28b80baaa
goerli,0x7b1d48fa8cdb059c5d840f27810a6afe3c80eb2c
goerli,0x1abd806b8357e4b586f0361277c67a92d6371eda
goerli,0x1e6f9e68c9fd6037b960469ae2bdaca779196fbb
goerli,0x280e100000d15000105fc1000200ce0065005090
goerli,0x3ef9ed6e00f317b981c93ef2e1e394781b798ef2
goerli,0x422fdcfb51f3ae1c7ce896af8467e1f567e5e8b0
goerli,0x428beea3fb43bd1b2000d5cfe83ec198ba655d4b
goerli,0x4dad54ed4b0d9f9bda79ecabd7d3adcc1d338c9f
goerli,0x5d343d374a769d1ab102e0418a516dadb08a86e4
goerli,0xed2c8ae16cc4bc9b3ca4ea605bb8b58b44b146f6
goerli,0x68b1557c5b1adea7b312c1d38fd1feb7cbdde58b
goerli,0x724a6838b494e6976141eda61e49c9b00a1d1a8d
goerli,0x8b4e904ee595b6c689ff6c5a17c137b84aa3066f
goerli,0x8c183bf7f68f70104657c6446d638178cbd6fd11
goerli,0x8c7911bb8c6e3ce9c415ccb54442737ef58a48e5
goerli,0x90e192148042d2297854ad53246e7762f1b25305
goerli,0x935c7c05cb7b66fadb6e02846616ced1781d6c85
goerli,0x98211bf949b640aad314dd8af1f4c41c3cac71fc
goerli,0x9ae10ac94fba5293bd05d746a12a02feb289f679
goerli,0x9d767ac1a664f504b9224ddd1f03fb3b34fc0175
goerli,0xa0933ca0a4782904649d029f28d27fd2027088ce
goerli,0xa37a7c5e0839bd076b04c91020eb255c390c6e28
goerli,0xa48ed9435e2f5564dc6406aeb1af380c77702e52
goerli,0xa88c2477670c8bc8380881b3b77820e83f922e78
goerli,0xa8b103a10a94f4f2d7ed2fdcd5545e8075573307
goerli,0xa8c546bc9c1bde46eb19cde4b46e5966d1faf188
goerli,0xe308a108fd2d5795c1b16b69b12705f4c4c37bbd
goerli,0xaf45ca951afd9398967a9b86fc6309feada5cb45
goerli,0xb0be4853bce44eb0d6349307130fccd7a04e4a37
goerli,0xb2673c4adbdfcd1d37f301b5e19404629bba8b14
goerli,0xb350619d7ab38ab70519425c703419a0486eb081
goerli,0xb5b50fa43e0980bad672ce537ad4f2e9a04ced8d
goerli,0xbaf1552adca82d3787243230d8943d3f9b2bebbd
goerli,0xbbafccd58ec82544db9867e581a2da137ace8ccc
goerli,0xc26411f0344b8dfc815e03b940822394eb0e8a1a
goerli,0xc2a1a1159e1cafea53bbe9fdd950453ad249847a
goerli,0xc6199f661f610c9074e9a36fb0e85ca23b051aec
goerli,0xcd96a6af18e4ded20231af971746f66466a6d7bb
goerli,0xd4f65dd2e07e037559a164e17b8a0b73bd76e71e
goerli,0xd644c425455b9a421789f1f16419487c842a9390
goerli,0xd67c498855df6efd6481005513e25edd9e579d9b
goerli,0xd7aa9ddb073ef6fe2bb3b76bbd40d22462a50cf2
goerli,0xd8326f00215ab94d1c335a3d069d72ff10e417cb
goerli,0xda23d99ddb4b175ffea9756d82bfb781555c2d91
goerli,0xda7878d0cf4507c3e11bb49b0a0394ca3c7881e6
goerli,0xdb5c97dfadcd4928b8c4f6e9a7766d93b6788acb
goerli,0xdcdd4a3d36dec8d57594e89763d069a7e9b223e2
goerli,0xde4c4dd8e6d59c31f7f5fc8fd0e0e6729b538ad1
goerli,0xe60ab850d687eda2b5160868f29e2db0cbfbce3d
goerli,0xe725137614d41125e584b4a845478fe99f06bc62
goerli,0xebabdf56671d57d732a096c86f7ad240bc35fa2c
goerli,0xed66ba44200f03a117f6be5c0dcd671bdb50ff33
goerli,0xf20663612b24e9eb47f744e21ef9614d9a36de12
goerli,0xf4032c024802dc542d2a608b426cc35fbc58ff64
goerli,0xf6876e2cfeb9df4f5499871180461f4bca442c51
goerli,0xfe93a3cd61d76df65d11aa523ee5d683c9ee786a
goerli,0xff301f655d86f7730f3ef488b18f7d54e6b301e7
goerli,0xff40e5162fa1d5d23a5df303b3f0d6240ef76b26
goerli,0xff76c6dbb16f6aa9ab3521f392fa659a723e2fe3
goerli,0xff98ccf1f67cd86cc68d4557d75c99de4456feea
goerli,0xff9d677474d4344379924e10b68c8fea67e03294
sepolia,0x19ca6be49f62b75e253beca55f521282213f4d90
sepolia,0x26049c79c2f112ec27e83ade2739c93596a1171d
sepolia,0x3b2b1eff0b6017cd91373cb64ba69ed8296d6413
sepolia,0x8fece47976ea4223c3f1bdcd277bdbcfe9458ea6
sepolia,0xac32655d309b1aaf1cef8243799aa26fd9630023
